,x1,x2,class
0,0.35361075871619396,0.9762014870796302,1
1,0.47678973659752394,0.6142247914687292,1
2,0.9954760688631265,0.5969873149696105,1
3,0.7792929760038556,0.6809501104640923,1
4,0.8142061930078202,0.7896373173741167,1
5,0.47220585467182,0.8996690048579926,1
6,0.8236979650691711,0.9777048723702613,1
7,0.9853033907144992,0.8671425025746287,1
8,0.7741259242190758,0.5388892780758925,1
9,0.7866282549130146,0.9401129915152621,1
10,0.41480050965968684,0.717185346990475,1
11,0.7488946204132001,0.8868461848220425,1
12,0.5051032643944301,0.77629989511772,1
13,0.3590638246501607,0.42039751794171487,1
14,0.510248322611099,0.8359497808855807,1
15,0.6956503853455095,0.9674389504109835,1
16,0.6979462185703036,0.6541854140554193,1
17,0.44533728753186164,0.8372183737511586,1
18,0.9598121890018887,0.8562471942087005,1
19,0.6753763501880341,0.9299654205280063,1
20,0.8908398102084538,0.3667118653755928,1
21,0.5283802692366717,0.7465830333899119,1
22,0.9643979952046875,0.4087845536836079,1
23,0.6626467531212534,0.570128303364952,1
24,0.453019785000958,0.5399418699359523,1
25,0.9209242813378781,0.5055393669452417,1
26,0.9903217728360049,0.7114120218027165,1
27,0.42945311701675426,0.9168642654675687,1
28,0.39044511745466837,0.7662004990575795,1
29,0.8847758039759422,0.714364393218784,1
30,0.5672704525902641,0.863721092702453,1
31,0.3655706916969304,0.6806920123647872,1
32,0.3570210916977777,0.4310306686785862,1
33,0.9519783244314083,0.5251977414618761,1
34,0.5346494802352638,0.9416806991115367,1
35,0.9371957394434962,0.3558469848593901,1
36,0.4617696073811153,0.6754235440648917,1
37,0.36370400018476795,0.3594217198272755,1
38,0.598400525886672,0.983474823367005,1
39,0.7112305563459661,0.5857256708649217,1
40,0.3624536933789011,0.7251139653854598,1
41,0.5054234171366129,0.39609503469176865,1
42,0.46400563732505495,0.8294208987483278,1
43,0.5004728600079189,0.9196935130495939,1
44,0.8637270853867317,0.6652571949773427,1
45,0.9494965311046035,0.7703271864801834,1
46,0.708594702249084,0.6777402717464565,1
47,0.39790388691337897,0.8990217950266532,1
48,0.9607029397518463,0.6460851905680853,1
49,0.4126375063464358,0.9682858135295372,1
50,0.49118964252043107,0.41476002846009985,1
51,0.5430964278520002,0.37189607535280417,1
52,0.38413840538120664,0.5682247847496169,1
53,0.647282566373926,0.782127104941498,1
54,0.9347755180125299,0.46497736785484567,1
55,0.9868003692389644,0.5532091905518914,1
56,0.7887260617655459,0.8880966196888027,1
57,0.9055692768670366,0.7011316447631228,1
58,0.6161767107804226,0.9535214472049812,1
59,0.6111088138126681,0.37353802879806347,1
60,0.7531164392198348,0.44226600749293843,1
61,0.5572317308114351,0.5997233907791445,1
62,0.6945922229618702,0.4350549750709568,1
63,0.35115558241062367,0.39982720003321687,1
64,0.8020376703997654,0.906854484841994,1
65,0.8383513697703366,0.7259633294410892,1
66,0.6282236826070084,0.672576843636663,1
67,0.6159547555085509,0.588541074250295,1
68,0.8473394098203731,0.8132829832691655,1
69,0.8376290570522669,0.8193128676938486,1
70,0.49015638752527735,0.7498869806636452,1
71,0.9461905703770443,0.858198148901329,1
72,0.6969540440555123,0.9956179328544438,1
73,0.5704075353276028,0.5226271472146067,1
74,0.426954904058639,0.6644735495417675,1
75,0.4597214838613289,0.8988971551868626,1
76,0.49750267145727056,0.3831912615105268,1
77,0.3803536955114146,0.754253762340032,1
78,0.6562029770957997,0.8620419111138374,1
79,0.6862623459965136,0.7357212615767733,1
80,0.5918864352140123,0.982108993742076,1
81,0.7625198798230072,0.846601551718944,1
82,0.6271837542273557,0.5455847435442932,1
83,0.38071000207930583,0.8489157395021956,1
84,0.9469335102861312,0.4661286449957139,1
85,0.8263876427339506,0.8639402127043337,1
86,0.37454318224490923,0.9866508147367548,1
87,0.8388423194312029,0.7414878300289746,1
88,0.9265219161430862,0.568512105277603,1
89,0.962422634446389,0.7810557241894531,1
90,0.41812834070932753,0.4162704524841118,1
91,0.4486869310464291,0.3532465681837926,1
92,0.39746871533915556,0.6322868805208974,1
93,0.3591916004544041,0.9424528018216054,1
94,0.8470710231366706,0.8208917221518397,1
95,0.8963743341906343,0.6252140838119415,1
96,0.3511624182392201,0.4019285445619154,1
97,0.5590467388943213,0.7195799699105068,1
98,0.5921896739691481,0.7689591441152489,1
99,0.8561575600140218,0.5538107670923729,1
100,0.7837307256046557,0.627808326439622,1
101,0.7613892803765192,0.6312364751076766,1
102,0.46275319786880853,0.8209112834733028,1
103,0.442110575707962,0.42593002614143227,1
104,0.6064126781583457,0.7322441249055598,1
105,0.8114257480838925,0.8363015762758355,1
106,0.780525908847651,0.875698171236587,1
107,0.9694768126069635,0.7891268474139672,1
108,0.9346105944083861,0.6519515620436023,1
109,0.6002270923386925,0.7784915125854006,1
110,0.4860090260055318,0.594041857506612,1
111,0.8618187485442006,0.3620485027158285,1
112,0.9306271982943024,0.989008799895797,1
113,0.7162909482201644,0.8506039070824775,1
114,0.973770161394,0.5297354164467283,1
115,0.4494185129636053,0.41171173851710635,1
116,0.4316893472401014,0.3518949704572914,1
117,0.5303936243727229,0.8271406374506336,1
118,0.47046300712686695,0.48656074157820456,1
119,0.8453889458795196,0.782238589083012,1
120,0.42851905333251006,0.4296964946155265,1
121,0.7115539031180295,0.7049265740978321,1
122,0.939564012701453,0.5616947574717625,1
123,0.7058878449427562,0.6608526797033347,1
124,0.4074379347718253,0.3601444739393606,1
125,0.7977164319248571,0.5405162008020561,1
126,0.6676856493410419,0.3791010626366581,1
127,0.8632202982085672,0.5782369554741214,1
128,0.9503945621884228,0.7851270677890805,1
129,0.4153348006936856,0.6643517328256245,1
130,0.9296954469435712,0.8690122404614431,1
131,0.8260953520792866,0.4596875760094881,1
132,0.7331569126260643,0.4524322803899796,1
133,0.5624501952702079,0.9019997780442132,1
134,0.4461324216793403,0.6837251242309321,1
135,0.9094285061302673,0.44867896163947735,1
136,0.5841415611298406,0.8061190981378599,1
137,0.5460745110527776,0.8043963490605026,1
138,0.719361556206532,0.9581674327293984,1
139,0.45378081810058246,0.9391598602968045,1
140,0.4092522158459436,0.5863602663878162,1
141,0.6202153639082888,0.7419991180546055,1
142,0.7024894298531372,0.7758180929081189,1
143,0.6600475931808956,0.9148726837930754,1
144,0.5078896941656244,0.7608500986603858,1
145,0.35921926131672804,0.8401377042179605,1
146,0.6953411153344251,0.3539687637283977,1
147,0.4766738169586038,0.490383495404533,1
148,0.48012628607864083,0.4122288610335175,1
149,0.6219996546264639,0.40082025060286325,1
150,0.6659663077196298,0.9690017563186105,1
151,0.595690437736432,0.7316686080763142,1
152,0.5063536882457943,0.5368051115490801,1
153,0.8769348298806842,0.93943703530357,1
154,0.5096537823968986,0.84098330367624,1
155,0.43783796673556835,0.7665486924491653,1
156,0.7932525161073956,0.44613115271076964,1
157,0.37560448134084023,0.6331282996115264,1
158,0.846914166215756,0.6233684046671603,1
159,0.9890820770686289,0.46469762286625627,1
160,0.5263070207832428,0.48856120193054686,1
161,0.4812577576760436,0.36508092117712826,1
162,0.5165370434757561,0.46642913186492396,1
163,0.8920609959394662,0.6162967967575598,1
164,0.4489586098107414,0.8283814521674825,1
165,0.8837335171805417,0.833575922806947,1
166,0.4718216177148707,0.7197794822360024,1
167,0.6660481653074173,0.7548378261619992,1
168,0.9220920284402029,0.7927022083010347,1
169,0.7448094753764221,0.5927444597903954,1
170,0.5995995100945144,0.8259756911601499,1
171,0.809468074694029,0.4934060185979826,1
172,0.43582133076322205,0.6671774765133753,1
173,0.8321801207468564,0.6637480427291544,1
174,0.6485092685871383,0.4577320460081441,1
175,0.7897671879324601,0.907503780722244,1
176,0.8878185105475114,0.6895239328522782,1
177,0.6977040514149553,0.7784489425428469,1
178,0.8314700348553581,0.8804693467601256,1
179,0.3648765343144135,0.6928029785345781,1
180,0.3877176327259373,0.9823246203782364,1
181,0.8755586669483231,0.5594709391834487,1
182,0.6007377548430812,0.7740785255198926,1
183,0.7518800151278748,0.4071802754838237,1
184,0.8067180009994223,0.6340295859265382,1
185,0.9279593132342013,0.6522721384588908,1
186,0.4746916642160196,0.9807284638924441,1
187,0.8463856421086626,0.7320325059311104,1
188,0.5317071696874703,0.840077948508446,1
189,0.5073363223235094,0.4225989105027981,1
190,0.9139604174742595,0.38551862305585544,1
191,0.6461521657713242,0.6334720613839651,1
192,0.9800748754019787,0.6999109344537633,1
193,0.8788167118450729,0.9726474089471612,1
194,0.8876192319716913,0.39362704097632106,1
195,0.8417056792421302,0.7938064002093759,1
196,0.4861866497492249,0.7503864584118083,1
197,0.9459732186015779,0.9012627577072511,1
198,0.39598613757730067,0.6484898741463184,1
199,0.6346101032628174,0.412639176815388,1
200,0.5671546729477454,0.985003358229146,1
201,0.6728201378334384,0.8689021225291739,1
202,0.9696452676934452,0.58613755119681,1
203,0.41174203894607997,0.8991871213850556,1
204,0.6186852724605489,0.7504780953696442,1
205,0.4676706685422453,0.36313547527973733,1
206,0.37117070278771075,0.9552094570897353,1
207,0.8956551414323446,0.9581085783421447,1
208,0.6145020407750215,0.3591647737442868,1
209,0.982571568752869,0.6220283608667361,1
210,0.4202011886189023,0.6801112831710637,1
211,0.8255705551043789,0.645796506772044,1
212,0.49685173831032226,0.6459103086221643,1
213,0.8061484106459884,0.42161022958650357,1
214,0.8796079199735088,0.7992601715760976,1
215,0.8212318697159882,0.42986119438159043,1
216,0.7295335577989581,0.443770351376958,1
217,0.5950866592999702,0.39269476271570825,1
218,0.950551777351976,0.501598288115159,1
219,0.8459666993337156,0.7750389444641719,1
220,0.78754080800571,0.48646949416001584,1
221,0.5057802933164984,0.893980170352483,1
222,0.6318500409521137,0.6220257889046342,1
223,0.8618375337690591,0.5942910077315774,1
224,0.9028158206543682,0.9336592228326279,1
225,0.8346657461882123,0.5880695043246846,1
226,0.3850133884896149,0.6844827262452989,1
227,0.36062159335887545,0.5234078963491208,1
228,0.9375541646987819,0.38690765076156175,1
229,0.9686741521966132,0.4552813346454923,1
230,0.9933208859421714,0.8660030363549218,1
231,0.7276064448009971,0.9717312231663293,1
232,0.44120361075880077,0.6295242039917316,1
233,0.5429464595284867,0.9940352555941032,1
234,0.3506595001020928,0.5720828657575936,1
235,0.9024482290016091,0.9123895289773227,1
236,0.3589739612784492,0.8058179781004096,1
237,0.8959531769863335,0.4939608887725882,1
238,0.6349715003809677,0.5259381912392965,1
239,0.5703277819662008,0.4726087953227246,1
240,0.8598865687655208,0.4590020654862237,1
241,0.4391261769899241,0.5142621679581442,1
242,0.373779255315727,0.5799234272741861,1
243,0.8507504020092185,0.7534626477436456,1
244,0.5832959040566024,0.5786809698111806,1
245,0.6352244881414478,0.6975388189436941,1
246,0.8433726731218589,0.8377825967610649,1
247,0.46179328224486516,0.7604736556762639,1
248,0.6851470793193446,0.5840552834020366,1
249,0.7145221927969992,0.4419623754318561,1
250,0.4148259694109112,0.9295843629853757,1
251,0.9029002272466887,0.3842118523858971,1
252,0.45832560186748916,0.5436653130383061,1
253,0.7590568966406215,0.8102986771206007,1
254,0.7766982144997885,0.8261681520930799,1
255,0.42805680097669657,0.5701589869714785,1
256,0.39547660720743105,0.9003049180325596,1
257,0.8214650863048127,0.899475687883868,1
258,0.8435457876497151,0.4551760885423748,1
259,0.9781251535678074,0.9992857850892672,1
260,0.9585907918512508,0.3804662243237179,1
261,0.9256853699909077,0.47138307316552275,1
262,0.4477071548723791,0.8441326634720732,1
263,0.7650328989969507,0.7756698312322228,1
264,0.46779326567130647,0.8816016480037862,1
265,0.654416008482943,0.4406179628120766,1
266,0.8318160912574499,0.45329307442083544,1
267,0.9937179702745168,0.5944166388245042,1
268,0.6663091451545804,0.676143263522988,1
269,0.3903473981516089,0.6123651723767681,1
270,0.5529779058592079,0.4498039524849037,1
271,0.9064475884953845,0.46132138552789204,1
272,0.7857116714849771,0.35868378556613095,1
273,0.7954046915067827,0.35474200606981243,1
274,0.9287403673553285,0.8134021245539043,1
275,0.9123033085912918,0.48253057532053345,1
276,0.831328142164073,0.9250361704191357,1
277,0.35991938365861786,0.6399191997041148,1
278,0.5726041900007709,0.9946845360523365,1
279,0.6596103620494843,0.8527374472575149,1
280,0.874716841474029,0.8963751599040911,1
281,0.5125106740520529,0.4531072700361304,1
282,0.6186023529254874,0.6271205276279206,1
283,0.7724865373787166,0.5763913713410809,1
284,0.8367135752758554,0.3959951287732697,1
285,0.4856289578614426,0.869479087901373,1
286,0.6497616361031062,0.8365776225531304,1
287,0.4391736855261882,0.5925139478812627,1
288,0.4737894382981239,0.6106312061845554,1
289,0.8907471143781893,0.8616067694454392,1
290,0.7054088555898992,0.48927423274207993,1
291,0.7039197942564053,0.8698379819070602,1
292,0.6825628631169001,0.600635721158026,1
293,0.9849504741662913,0.5282974754280212,1
294,0.8079881303135957,0.5563556033553202,1
295,0.7761598107440368,0.8115545402283976,1
296,0.9958191711055265,0.5451639116633318,1
297,0.6559519373687428,0.515857754256468,1
298,0.8257118490705515,0.4531948565916785,1
299,0.947480239376051,0.6790177390979684,1
300,0.6280080919256881,0.576044437579884,1
301,0.5414688637294747,0.9726412377136956,1
302,0.8743805676467545,0.5826232936151111,1
303,0.6898997853960684,0.5245920825196408,1
304,0.5613873063895417,0.6328446367414253,1
305,0.9358703343951067,0.4053009971635977,1
306,0.947772727413207,0.5845792869914012,1
307,0.8804688327637578,0.4461821945371841,1
308,0.41102859512418427,0.39587831801808954,1
309,0.7286860798018657,0.9982197841100605,1
310,0.4270940998251041,0.5172864013754729,1
311,0.39773461035977137,0.5794658970929614,1
312,0.45263422794605596,0.8468357908124498,1
313,0.5824315115699252,0.7562726482702367,1
314,0.45596829769850156,0.7139845358021772,1
315,0.4007756249369384,0.6803036509395115,1
316,0.8435854527134955,0.7650085273399843,1
317,0.859105258766937,0.550883795845994,1
318,0.9920170169303842,0.7192233739409948,1
319,0.9532164226029314,0.7020306494227699,1
320,0.8994596456093824,0.8505686568099675,1
321,0.6737282440345121,0.5575712899969474,1
322,0.6678181132735621,0.9462692597124148,1
323,0.9990091174939218,0.8026146380935774,1
324,0.3766732362612181,0.8903042802225214,1
325,0.3873094803811936,0.9935140899473891,1
326,0.5414295317337561,0.81424787398405,1
327,0.8164667214654446,0.5975037558584454,1
328,0.7546882476613128,0.49569378208053616,1
329,0.9903335480764077,0.6043918290342101,1
330,0.5875657377446937,0.8530568490059358,1
331,0.919011711098217,0.9980505730655457,1
332,0.9192628878207376,0.68810035521534,1
333,0.37104010349419336,0.7736787487221553,1
334,0.7032333873951586,0.9812021516243192,1
335,0.5686541857843878,0.9260193635177024,1
336,0.35791896549327556,0.8215297896323025,1
337,0.7232988772524458,0.8709993829677277,1
338,0.5447361107762847,0.35566850760583796,1
339,0.8125842679949297,0.9723711007579414,1
340,0.9424814872731533,0.4728267082713344,1
341,0.5358853717579076,0.4392832280989482,1
342,0.5708163844224649,0.6250622349184738,1
343,0.6720556133352809,0.8049642501684781,1
344,0.7397165050048451,0.7341855195150353,1
345,0.8582702147988799,0.5222652852943552,1
346,0.6453234197237577,0.5884428972372765,1
347,0.797904676036941,0.61573412723492,1
348,0.41877021725286184,0.7452158949213488,1
349,0.7748619631967102,0.735437566522835,1
350,0.36873242743037354,0.5865519243357455,1
351,0.8585440590673744,0.834596263941129,1
352,0.8150013521876821,0.4694156010968108,1
353,0.7663336602672277,0.8809754473245086,1
354,0.7772600757504273,0.45415412455323984,1
355,0.5546751931991237,0.4955384145852849,1
356,0.8635055886763525,0.9009278845358165,1
357,0.990138462194542,0.4551781506125781,1
358,0.5924779680517019,0.43358302394791937,1
359,0.79062730260874,0.5368619686123512,1
360,0.921922415722111,0.966320536467253,1
361,0.8222269583143135,0.7224178109027605,1
362,0.7940656156768753,0.7053869534491319,1
363,0.981722478244305,0.8029270449268706,1
364,0.9174731379611184,0.8270178372847121,1
365,0.6886970406576982,0.6559758177163084,1
366,0.5345262031178979,0.5383963467666338,1
367,0.426639804758688,0.37745746706004324,1
368,0.6309951032413608,0.7004234063973402,1
369,0.7000088814178893,0.513079939571282,1
370,0.4960685486705052,0.39066859307307517,1
371,0.74939295266594,0.5634716679094123,1
372,0.36265085954859333,0.6574330572075062,1
373,0.9676509115051544,0.7237653508888373,1
374,0.8641844629613086,0.7132460017088533,1
375,0.7489512760199358,0.505734771183165,1
376,0.5276811126857455,0.6043197305869616,1
377,0.852721049458292,0.9354014606081592,1
378,0.9087041217819453,0.6427382770300338,1
379,0.6004048295457569,0.3641336819998604,1
380,0.5876300010692171,0.7023996118525526,1
381,0.46656761311052314,0.3546147982525034,1
382,0.7073288636934938,0.3992810758763829,1
383,0.6722167620297205,0.38505716079032226,1
384,0.9137630700573494,0.7663045405132776,1
385,0.531687467012855,0.8641681558830829,1
386,0.3690297193027995,0.5953745817413005,1
387,0.5232933994633902,0.4004345721593888,1
388,0.4316112362291833,0.4293715925063365,1
389,0.5598907482990395,0.9632666568628617,1
390,0.8708329460452047,0.5110308079304855,1
391,0.5491024734021358,0.5907662996726138,1
392,0.9954896975512297,0.9893073038393243,1
393,0.5336505463180192,0.8244979361022599,1
394,0.5692781902709478,0.5716918777840373,1
395,0.6550989623906578,0.8143838921729722,1
396,0.6689510277921003,0.854694868602899,1
397,0.9080023856506727,0.7737740979818527,1
398,0.915183919933941,0.9477135735038409,1
399,0.6791386752187347,0.6831816539466286,1
400,0.8867828536324188,0.7963733505161692,1
401,0.7520958848526058,0.9338327316813366,1
402,0.5698638991611223,0.9658706233259418,1
403,0.6184979657995442,0.924092627051329,1
404,0.37571607876510527,0.4947335172722981,1
405,0.8491060364030708,0.8444153549852464,1
406,0.5273312772548198,0.6811115333670217,1
407,0.42732663481368555,0.40919354353005705,1
408,0.46930596061302354,0.5283949741070293,1
409,0.4839027025921888,0.9777064217887044,1
410,0.7870690265945697,0.7871323668713395,1
411,0.9061369333260174,0.8401312387560997,1
412,0.369523643049122,0.6130500805796681,1
413,0.6773937634477235,0.9996927372027662,1
414,0.5537399680847315,0.8242740919791258,1
415,0.6351193947672475,0.5715593628096837,1
416,0.3560043017801489,0.7955310625626695,1
417,0.9839231193918002,0.7323156558732725,1
418,0.5580473780990614,0.4112688102511859,1
419,0.8777564970748636,0.991487208296676,1
420,0.9005882863259921,0.5480231523568003,1
421,0.9232305634165461,0.5108867121059715,1
422,0.8339484969116127,0.8256948547731104,1
423,0.7343034177091918,0.9191899035096779,1
424,0.5423095222320015,0.5325648867627583,1
425,0.6448710986578503,0.7613973626395123,1
426,0.7866111572983492,0.7997714146964374,1
427,0.7704578553778904,0.5266651033997647,1
428,0.5350250244363484,0.9451722169656254,1
429,0.9819915791887516,0.6463823349539863,1
430,0.5931717306155642,0.7384869374657237,1
431,0.5436382122061392,0.9535976769944533,1
432,0.37291813792383394,0.46396371715080353,1
433,0.9049187326672364,0.6205250038174007,1
434,0.9956699013245809,0.9707319122064559,1
435,0.518848760314081,0.6895312135957418,1
436,0.6972692276677637,0.8112464173548453,1
437,0.7566395789398517,0.5309074529300529,1
438,0.591811568805489,0.36925037361740165,1
439,0.9317074592346007,0.9680117742936262,1
440,0.722452121748745,0.9413569548202244,1
441,0.8949021023303445,0.39913225797016094,1
442,0.756031582957531,0.9130636628736427,1
443,0.6186735994249319,0.8359754334256251,1
444,0.7731557120788947,0.5872429163212523,1
445,0.7723573205911851,0.4621968190729591,1
446,0.42245747238232634,0.4595122410777084,1
447,0.8577564326599534,0.4775862827544348,1
448,0.3989776507866354,0.7825962630637195,1
449,0.5027461954646064,0.6940655020457258,1
450,0.4322797530433084,0.4796416557728965,1
451,0.7541499917426369,0.8069531863676929,1
452,0.3818735400291194,0.9772514291151042,1
453,0.9882655667655096,0.40550785863262073,1
454,0.46343542651468406,0.74736253237633,1
455,0.41424625279223193,0.49786609924568115,1
456,0.7062299149766444,0.657056741132539,1
457,0.621488031230975,0.47236290618266064,1
458,0.5742601352878693,0.5052615248713697,1
459,0.6407182713014801,0.9697297871716952,1
460,0.8043488787880606,0.9797277513797975,1
461,0.8980323397075238,0.8962143409617215,1
462,0.9032861468808727,0.7565592125468845,1
463,0.6203010957220461,0.8131141812342244,1
464,0.3816480665440854,0.7546395989971014,1
465,0.7308129938140502,0.5804763320436529,1
466,0.9703947218050882,0.49310057169760924,1
467,0.43796904025974365,0.5942822601010456,1
468,0.3986921525490683,0.512278120170711,1
469,0.6100401988175667,0.48381108932316763,1
470,0.7528762776311471,0.9357711534981124,1
471,0.3690338662657845,0.8581984580047746,1
472,0.9374843649566236,0.898105574392135,1
473,0.962847378817956,0.5513433817024002,1
474,0.5941877793610885,0.4718223546818604,1
475,0.5676358216035935,0.6747358592261583,1
476,0.6634090326898323,0.8494904835771078,1
477,0.41260409692891364,0.6179992721354337,1
478,0.554437860485787,0.6812572462032643,1
479,0.6673947809809677,0.8913724364284215,1
480,0.5357446394349505,0.6462359408761753,1
481,0.8647304197163872,0.9497472691803268,1
482,0.46546888526462665,0.8998040743246555,1
483,0.4036752334876593,0.7955191470464548,1
484,0.5422148494790175,0.5718318277836597,1
485,0.7328246548558246,0.560531769475628,1
486,0.40383642940111303,0.9375199394608289,1
487,0.388863319623137,0.8112148717512448,1
488,0.9855371396472057,0.4379054649697965,1
489,0.6965597019546028,0.4679301894846775,1
490,0.4232980651914583,0.46649901612045475,1
491,0.6784124179014867,0.37776420740667266,1
492,0.373647546260266,0.42733845376202606,1
493,0.5322279120099063,0.7294339233524973,1
494,0.623657279258465,0.901130206215053,1
495,0.9574973298382213,0.7543222530043128,1
496,0.7123382865933732,0.9492641933682955,1
497,0.8725509827376068,0.8185389525832436,1
498,0.9378188781483588,0.541217882744088,1
499,0.5824082178555472,0.5831473351593979,1
500,0.9049878719909544,0.9564852251022843,1
501,0.39439609297497186,0.5228674710759293,1
502,0.9850770213451623,0.54233199223713,1
503,0.8607424488571831,0.9395033849044097,1
504,0.8983496536567127,0.37494312921636175,1
505,0.3685043077321303,0.6679702961067275,1
506,0.7999206636329736,0.6283268260364472,1
507,0.9558025555248427,0.865846124684245,1
508,0.5195611921308022,0.5551112447459157,1
509,0.9608660203452163,0.5534046862445957,1
510,0.42848662929909376,0.37139827349973614,1
511,0.6214586030797786,0.8051278232204743,1
512,0.6648734434178107,0.6029980072422518,1
513,0.430671178189987,0.7136593245263878,1
514,0.6329516129181314,0.8998421246582808,1
515,0.936924203029192,0.5802307795747712,1
516,0.5817355588690334,0.46530261219246444,1
517,0.6103169944173568,0.5085430831679266,1
518,0.6635708101512495,0.7854736711722894,1
519,0.6182106011164517,0.8248643952262449,1
520,0.7389972780453592,0.6574051895134854,1
521,0.4300404902376793,0.9869174197033208,1
522,0.505102466743766,0.865679968312508,1
523,0.39182751718410197,0.6470934586765864,1
524,0.9082726038533581,0.6739502395189712,1
525,0.5260803792955939,0.9574092556093596,1
526,0.5379497806894897,0.3686925022614245,1
527,0.41923671430230963,0.7838991144190923,1
528,0.4582615118578966,0.8842902776143726,1
529,0.8894932145287104,0.6695032282085647,1
530,0.9626501134286534,0.41347167923976097,1
531,0.5138509647754211,0.4788042553624854,1
532,0.6439134679790681,0.6830486139590308,1
533,0.9448937544527691,0.5937522014406061,1
534,0.830271122904485,0.8642492157376449,1
535,0.5024571744513704,0.46559009462357287,1
536,0.8507672154474542,0.8135024014821595,1
537,0.5038917915013078,0.7490987220809975,1
538,0.5484490702230886,0.9747616654743184,1
539,0.36961684196006034,0.5676838731716791,1
540,0.5771490829676881,0.40318297478016646,1
541,0.6538699464746529,0.7370932776852344,1
542,0.4328047056543439,0.9742625047644753,1
543,0.3641153045314003,0.5911810535645505,1
544,0.7194061631552129,0.48476163097753905,1
545,0.7791741207250948,0.952190340055277,1
546,0.5863099830326568,0.5394109622684721,1
547,0.5807540183916854,0.43202744669505516,1
548,0.5315434409378417,0.6909762186747255,1
549,0.3731584832505555,0.8192712950807228,1
550,0.9328596368694168,0.783035538004833,1
551,0.48343095115300583,0.9582830472318625,1
552,0.7523385057391541,0.9219615252492749,1
553,0.4472730372718626,0.6915255063360959,1
554,0.47345563230076987,0.909864066938878,1
555,0.3574049898799415,0.9713881270980806,1
556,0.6215427089284067,0.7156322520375057,1
557,0.502465223693151,0.660195879978185,1
558,0.5510749684122799,0.707614860053915,1
559,0.8489137996979021,0.38545158033348237,1
560,0.9458180563281304,0.6033903491632502,1
561,0.4480660036995201,0.6823432263169826,1
562,0.814521243435439,0.6735639181967668,1
563,0.9924179991586859,0.8344194975307275,1
564,0.743412814625706,0.48011275382737584,1
565,0.8937941273771433,0.46517459726932436,1
566,0.5800534237973218,0.901400274622306,1
567,0.8317079675899088,0.6169999814953102,1
568,0.7148254678165449,0.5399861654147404,1
569,0.7104104018387724,0.8316531350052203,1
570,0.5098775136730427,0.9642653790434867,1
571,0.40498718211237134,0.8634489584364855,1
572,0.5426621111095344,0.9321439487001791,1
573,0.9390506604257416,0.8104159286660297,1
574,0.4644196193748781,0.615001721753826,1
575,0.5404008140009072,0.6624930166181695,1
576,0.5925540302911171,0.721464584377695,1
577,0.77720450444916,0.3760882382684895,1
578,0.6754899294253084,0.9859710820368016,1
579,0.42926601341598686,0.7840964683564138,1
580,0.809231356301406,0.36678475837439417,1
581,0.6242344045626429,0.6671961230514392,1
582,0.9720188906797296,0.8815980139712043,1
583,0.35799932313990457,0.5947334434901401,1
584,0.5602585889673949,0.5657022983082642,1
585,0.8487443498800186,0.3514959420331759,1
586,0.5573608230352269,0.4079059088920612,1
587,0.7283645032389519,0.43861579061180794,1
588,0.8595488234156499,0.6433932051224467,1
589,0.6236067221854731,0.7503140485944079,1
590,0.7041138623711748,0.7284075486484309,1
591,0.999026310772027,0.5913151401864756,1
592,0.7925267672397533,0.5838670379805226,1
593,0.3564117250363465,0.6860370111426957,1
594,0.9168493186418912,0.5116224728397591,1
595,0.859229835840714,0.7373987159184472,1
596,0.7716329986223023,0.6265989461572568,1
597,0.5839255213421064,0.9588081280914796,1
598,0.3818958750497399,0.7481691452668311,1
599,0.8089179412844476,0.4358386024028535,1
600,0.9053833191239203,0.902087210756526,1
601,0.8489080605930126,0.5101033756286896,1
602,0.7825110103232474,0.5174333913312327,1
603,0.8429877116921248,0.5546865428440131,1
604,0.49915248773447574,0.6851152693525673,1
605,0.7195258600117714,0.7865078223293013,1
606,0.8013104093535579,0.49966288136307346,1
607,0.736032013084483,0.9356902764940069,1
608,0.4689236668112542,0.6415619266883168,1
609,0.9470161193359725,0.4874507911176088,1
610,0.803961211101478,0.6497082038734585,1
611,0.6734185647192532,0.4330303507697469,1
612,0.7773180333330765,0.9344937985299626,1
613,0.7039544132411353,0.6943337569241638,1
614,0.44156867672595923,0.5375738360754886,1
615,0.4634180901286835,0.5464615357317794,1
616,0.5781349524417179,0.562400162872697,1
617,0.36363959724987177,0.8185365233384605,1
618,0.7650706329125774,0.7245614254002206,1
619,0.4909210603344306,0.9908770397439521,1
620,0.9307344968836123,0.6635661540002726,1
621,0.7598874814812596,0.5626027442590822,1
622,0.7666418400670474,0.7557211609305934,1
623,0.9794981563823716,0.853970410242726,1
624,0.9679995187799519,0.9493757339317318,1
625,0.7203560996313962,0.3816197929504244,1
626,0.6898091043030989,0.7656536559981496,1
627,0.4914022140300749,0.3622178112278106,1
628,0.5525898466370741,0.7376080855730007,1
629,0.5778060445239972,0.631843687986817,1
630,0.4406320918320028,0.7688809854328555,1
631,0.5507448982990635,0.43248558787636526,1
632,0.5329974203097803,0.5923627363218075,1
633,0.36136734771855084,0.7920886258940378,1
634,0.6997315957678174,0.3751946818071603,1
635,0.5332303130375802,0.6136084979540444,1
636,0.3783172148284555,0.8757322228355396,1
637,0.6363809765805664,0.6987966189531051,1
638,0.9748946338960119,0.7531012492948241,1
639,0.9189756355548333,0.8051851409360355,1
640,0.5211177520476803,0.24956113191655485,0
641,0.5533229928115189,0.4078875866174822,0
642,0.5750450627699983,0.0313054188716966,0
643,0.025045086965269255,0.1099713211111216,0
644,0.3606441119840467,0.19148818729989248,0
645,0.28385507667131554,0.3095331001043009,0
646,0.1603233176411772,0.174623898729673,0
647,0.26720594065650616,0.15797298770141224,0
648,0.5186901865966949,0.05534298079192814,0
649,0.5319910323775563,0.3740285275457673,0
650,0.6426426407616412,0.11886447778975504,0
651,0.13233717066247025,0.4521401053931672,0
652,0.08993241012836595,0.0561017737529619,0
653,0.1753168178441829,0.6246935571825422,0
654,0.20105313039501294,0.33699820024203603,0
655,0.5968352402592357,0.28366257167694137,0
656,0.2374136232210031,0.23730693539802486,0
657,0.25454640341573564,0.634743150068657,0
658,0.45457632417941457,0.49047364982285013,0
659,0.3344421991044291,0.20610498677177094,0
660,0.5907814517645338,0.18925225476267063,0
661,0.23631502507456945,0.3970107508505981,0
662,0.4232587576604947,0.4917840195790533,0
663,0.05879920751784391,0.6192648410889685,0
664,0.39046978554293993,0.34826585255390513,0
665,0.6031868583836623,0.41910252165230566,0
666,0.054259239629583365,0.3077404205012624,0
667,0.42629906272787227,0.2824962719462061,0
668,0.4951452762139879,0.22979120091728977,0
669,0.5145438992245589,0.2558743323234696,0
670,0.45022400414998964,0.5076472532010795,0
671,0.2396100881099253,0.3769244082456979,0
672,0.45860672642215267,0.5714080697665663,0
673,0.5681768993064263,0.04190104030013383,0
674,0.43266232868427057,0.44099935546965907,0
675,0.10669933485350035,0.40979466010820575,0
676,0.3612295947402374,0.025682128644443993,0
677,0.09707330896075735,0.0750286054409687,0
678,0.3741367778067219,0.43265547460871406,0
679,0.5112707471267725,0.49487680930933003,0
680,0.12243712833457056,0.17512378662395564,0
681,0.572125313613537,0.5006343324170618,0
682,0.36425028453843555,0.4171361932861125,0
683,0.03998112283513143,0.1619732196448546,0
684,0.060766005084156596,0.1396342596399407,0
685,0.5049870601586254,0.15024121973419413,0
686,0.12966591217491374,0.12927871038072222,0
687,0.39294714612382003,0.07268518371432273,0
688,0.41320606102425433,0.3835660218299716,0
689,0.4488342598033496,0.5870336201844861,0
690,0.17937459047904752,0.6159432914637893,0
691,0.32128603580694254,0.5347461151993622,0
692,0.2958472402074714,0.4269990232570978,0
693,0.597174479133094,0.411883319795274,0
694,0.416378267911393,0.24627360632951573,0
695,0.5943069205631412,0.37973149490927194,0
696,0.39355978329828134,0.0288542331827314,0
697,0.27927356410514587,0.6147684761488269,0
698,0.16301605218998247,0.6011439151145385,0
699,0.19375120980060279,0.31364433538277947,0
700,0.21568315102001273,0.3574154843185702,0
701,0.026232480425940913,0.4944302266564697,0
702,0.5107247439553988,0.26555061093806714,0
703,0.4338325221653023,0.5543479245613493,0
704,0.6428463120477235,0.21596027484491576,0
705,0.3845278046850989,0.42952963022755053,0
706,0.4156784543690576,0.02570595882454944,0
707,0.29324566687727405,0.30807690851618785,0
708,0.011520252595446607,0.48840311445022916,0
709,0.2872678473776872,0.05411900875577668,0
710,0.2798161679402166,0.12409421972069068,0
711,0.069527245227436,0.4358877166804236,0
712,0.2831486534963225,0.3663957505516927,0
713,0.20303074656200087,0.6010279316918313,0
714,0.3289108112525586,0.6294829054899898,0
715,0.11066854624319367,0.2784992307281009,0
716,0.6396035506043979,0.22480008101748325,0
717,0.29394239562762836,0.34389797894693674,0
718,0.17340321948067713,0.30203973488219615,0
719,0.47981955799947246,0.33236224021879174,0
720,0.6125413410902394,0.4722490831137625,0
721,0.2854265157037851,0.32956635658762495,0
722,0.018215466747563847,0.4757150490172571,0
723,0.3844168961724143,0.60850638808317,0
724,0.17901738104341164,0.10053846984756819,0
725,0.6401591745630092,0.46319350527780095,0
726,0.3861722399972304,0.5888659222842605,0
727,0.1077901850338815,0.14632452187895,0
728,0.04863674118504973,0.4348764765318373,0
729,0.5443254512057706,0.23376007350118735,0
730,0.3106009744134221,0.5315073453113076,0
731,0.6241489312619535,0.3914637121103087,0
732,0.34832543546047057,0.35561942702508004,0
733,0.18239245399054022,0.3925053334858215,0
734,0.5119467265639307,0.14182719203975608,0
735,0.46617939792584573,0.18744526400854492,0
736,0.5272258771473676,0.3640718792723477,0
737,0.47739066419963677,0.39479857343502694,0
738,0.5652291054082729,0.49789863839622706,0
739,0.6362024730385887,0.048584911394348375,0
740,0.11884355986737323,0.6340944083932001,0
741,0.33142387544736723,0.4687480083799669,0
742,0.011207191443931785,0.059853763441024714,0
743,0.3281712470332125,0.13734231332669666,0
744,0.6060592116574041,0.054645085586779496,0
745,0.3587013637012063,0.021814416188774912,0
746,0.6107157064559822,0.14618874825156977,0
747,0.49074155656483176,0.05008337385454924,0
748,0.16604522453084597,0.5548552013650299,0
749,0.037721810091616285,0.03473689453628697,0
750,0.08329264351945118,0.19855351354272238,0
751,0.21473950855313625,0.5986715645946016,0
752,0.16647940475060213,0.6093829982837876,0
753,0.1369867958892136,0.11225250426759742,0
754,0.09304334523399549,0.5744447203799824,0
755,0.22856806757707837,0.41871320001195284,0
756,0.551494215910946,0.36071963361816817,0
757,0.5869033185661132,0.004799912064695705,0
758,0.20212554267285507,0.20182384016639932,0
759,0.10489041907642499,0.28373482144712964,0
760,0.15059482468476404,0.2729135871303521,0
761,0.4644744011359461,0.31290167335430313,0
762,0.43180002160426667,0.41613183850770175,0
763,0.5408337025159783,0.0701889705047483,0
764,0.608538412902685,0.5382626793111468,0
765,0.5810204800577041,0.6437713259525039,0
766,0.02666227655028123,0.6190756916495088,0
767,0.44173410609841246,0.04776189761943695,0
768,0.06116156738584641,0.02970335130009133,0
769,0.017973468856530502,0.4078293792116899,0
770,0.20614225681743936,0.0785367574949876,0
771,0.29098136710906514,0.07854399138588727,0
772,0.3911194031722917,0.571732524648978,0
773,0.009134080198740896,0.16653251665514193,0
774,0.4382871758205401,0.04153506028951373,0
775,0.35281531216595496,0.5859401127515492,0
776,0.5055286580530826,0.3781620071039632,0
777,0.5471328373676304,0.3748840567604909,0
778,0.16276892705053622,0.28152829182851946,0
779,0.45923897875619557,0.19157589211148,0
780,0.5558163528152674,0.30839923483741777,0
781,0.4778901650077551,0.3269582090147073,0
782,0.37400023467579974,0.4145858444682431,0
783,0.5598978682073878,0.11935339410346496,0
784,0.11052863445257016,0.5508930152278226,0
785,0.6317160694203011,0.6345680476337799,0
786,0.21157923578736418,0.24352526485102072,0
787,0.16039360958192514,0.20808160721916333,0
788,0.52407266674234,0.6188939007137435,0
789,0.5529347505972162,0.2910318871791654,0
790,0.5836572689521644,0.11489509606757987,0
791,0.05884326001349629,0.08074142122473786,0
792,0.6425428705148135,0.10517825292722381,0
793,0.5591636481804783,0.44787018150112085,0
794,0.3832118401363123,0.4890283599772216,0
795,0.49569414716612836,0.4979910801939673,0
796,0.49885665370545784,0.30309834176334677,0
797,0.10294279399206745,0.3680743553117876,0
798,0.3806768352491361,0.35126974073016726,0
799,0.2873060640613001,0.13376735744434484,0
